timestamp2,store_name,customer_name,products,total_price,payment_method,card_number
25/08/2021 09:00,Chesterfield,Richard Copeland,"Regular Flavoured iced latte - Hazelnut - 2.75, Large Latte - 2.45",5.2,CARD,5494173772652516
25/08/2021 09:02,Chesterfield,Scott Owens,"Large Flavoured iced latte - Caramel - 3.25, Regular Flavoured iced latte - Hazelnut - 2.75, Regular Flavoured iced latte - Caramel - 2.75, Large Flavoured iced latte - Hazelnut - 3.25, Regular Flavoured latte - Hazelnut - 2.55, Regular Flavoured iced latte - Hazelnut - 2.75",17.3,CARD,6844802140812058
25/08/2021 09:04,Chesterfield,Francis Strayhorn,"Large Flat white - 2.45, Regular Latte - 2.15",4.6,CARD,9.55710412818248E+015
25/08/2021 09:06,Chesterfield,Rodney Drake,"Regular Flavoured latte - Hazelnut - 2.55, Large Latte - 2.45",5,CARD,2978328181139200
25/08/2021 09:08,Chesterfield,Michael Sparrow,"Regular Latte - 2.15, Large Latte - 2.45",4.6,CASH,
25/08/2021 09:10,Chesterfield,Thomas Register,"Large Flavoured iced latte - Caramel - 3.25, Regular Flat white - 2.15, Regular Latte - 2.15, Large Flavoured iced latte - Hazelnut - 3.25, Regular Flat white - 2.15",12.95,CASH,
25/08/2021 09:12,Chesterfield,James Petrick,"Large Flavoured latte - Hazelnut - 2.85, Regular Flavoured iced latte - Vanilla - 2.75, Large Flavoured iced latte - Hazelnut - 3.25, Large Flavoured latte - Hazelnut - 2.85, Large Flavoured iced latte - Vanilla - 3.25, Large Latte - 2.45",17.4,CARD,5309043196155793
25/08/2021 09:14,Chesterfield,Ronald Hagy,"Regular Flavoured iced latte - Vanilla - 2.75, Regular Flavoured iced latte - Vanilla - 2.75, Large Latte - 2.45, Large Flavoured latte - Hazelnut - 2.85, Regular Flavoured iced latte - Hazelnut - 2.75",13.55,CARD,1166596230622281
